Mine Type,Count,Total Emissions,Avg Emissions,Median Intensity,Median Break-even,Median Cost % @$100,Stranded @$50,Stranded @$100,Stranded @$150,Stranded @$200,Stranding Rate @$50,Stranding Rate @$100,Stranding Rate @$150,Stranding Rate @$200
Both,57,6680538.415104335,117202.42833516377,0.012400609061496,1838.619368365876,1.631659087038952,0,1,1,1,0.0,1.7543859649122806,1.7543859649122806,1.7543859649122806
Open Pit,315,64349222.21106664,204283.24511449726,0.0159000141474872,1433.960988242463,2.092107124669379,0,1,1,2,0.0,0.31746031746031744,0.31746031746031744,0.6349206349206349
Underground,229,24174945.0952059,105567.44583059345,0.0122,1868.8524590163931,1.605263157894737,0,0,0,0,0.0,0.0,0.0,0.0
